{"LR": 420.9834232330322, "KNN": 24.525036334991455, "RF": 474.59105038642883, "XGB": 535.5834612846375}