{"LR": 37.58631634712219, "KNN": 17.7583065032959, "RF": 185.62973546981812, "XGB": 93.05474185943604}