{"LR": 577.1480696201324, "KNN": 42.26685333251953, "RF": 946.7631967067719, "XGB": 858.9823813438416}