{"LR": 136.2981870174408, "KNN": 38.35616898536682, "RF": 561.2982199192047, "XGB": 324.3582718372345}