{"LR": 15.415916681289673, "KNN": 0.06250643730163574, "RF": 58.32768106460571, "XGB": 540.525060415268}