{"LR": 19.696067333221436, "KNN": 0.03120875358581543, "RF": 79.80140256881714, "XGB": 942.3405983448029}