{"LR": 604.2405843734741, "KNN": 4.785402059555054, "RF": 171.39882826805115, "XGB": 1317.1521315574646}