{"LR": 662.153059720993, "KNN": 7.360427618026733, "RF": 202.07104802131653, "XGB": 3095.0685975551605}