{"LR": 268.0855441093445, "KNN": 12.536566019058228, "RF": 228.42636394500732, "XGB": 705.549417257309}