{"LR": 327.460533618927, "KNN": 13.72983455657959, "RF": 467.1678111553192, "XGB": 2912.465294599533}