{"LR": 451.05781507492065, "KNN": 30.615110397338867, "RF": 604.84787940979, "XGB": 742.2752044200897}