{"LR": 86.60303258895874, "KNN": 20.049924612045288, "RF": 447.21158623695374, "XGB": 279.9657471179962}