{"LR": 160.71649885177612, "KNN": 18.540349006652832, "RF": 627.1749830245972, "XGB": 3869.9858169555664}