{"LR": 171.75972771644592, "KNN": 6.061019659042358, "RF": 172.73325085639954, "XGB": 557.8468894958496}